<MSG>could not parse 'FAIL', unexpected character:. FAIL.  ^<MSG>
FAIL,Phenylselanyl--triethylgermyl (1/1),98039-89-5,DTXSID00539885
<MSG>cannot assign geometric configuration<MSG>
CC1=C\C(=N/C(C)=C/C(=N\1)C1=CC=CC=C1)C1=CC=CC=C1,"(1E,4E)-2,6-Dimethyl-4,8-diphenyl-1,5-diazocine",96689-60-0,DTXSID50541079
<MSG>could not parse 'FAIL', unexpected character:. FAIL.  ^<MSG>
FAIL,PUBCHEM_13487530,104585-84-4,DTXSID40541987
<MSG>could not parse 'FAIL', unexpected character:. FAIL.  ^<MSG>
FAIL,PUBCHEM_13494279,30191-26-5,DTXSID80542175
<MSG>could not parse 'FAIL', unexpected character:. FAIL.  ^<MSG>
FAIL,Dibutyl-lambda~2~-stannane--tributylstannyl (1/2),1066-68-8,DTXSID00542177
<MSG>could not parse 'FAIL', unexpected character:. FAIL.  ^<MSG>
FAIL,(2-Aminophenyl)(ethyl)arsanyl,50870-80-9,DTXSID90542202
<MSG>could not parse 'FAIL', unexpected character:. FAIL.  ^<MSG>
FAIL,PUBCHEM_13515536,104164-52-5,DTXSID50542728
<MSG>could not parse 'FAIL', unexpected character:. FAIL.  ^<MSG>
FAIL,PUBCHEM_13572725,105260-39-7,DTXSID20544138
<MSG>could not parse 'FAIL', unexpected character:. FAIL.  ^<MSG>
FAIL,"Bis(2,4,6-trimethylphenyl)arsanyl--dichlorogallanyl (1/1)",101836-84-4,DTXSID50544969
<MSG>could not parse 'FAIL', unexpected character:. FAIL.  ^<MSG>
FAIL,Chloro(diphenyl)germyl--diphenyl-lambda~2~-germane (1/1),110428-34-7,DTXSID60546075
<MSG>could not parse 'FAIL', unexpected character:. FAIL.  ^<MSG>
FAIL,Trimethylsilyl--triphenylstannyl (1/1),103731-39-1,DTXSID30546087
<MSG>could not parse 'FAIL', unexpected character:. FAIL.  ^<MSG>
FAIL,Cadmium--triethylgermyl (1/2),4149-24-0,DTXSID00546973
<MSG>could not parse 'FAIL', unexpected character:. FAIL.  ^<MSG>
FAIL,Chloro(diphenyl)germyl--dichloro(phenyl)germyl (1/1),112174-88-6,DTXSID80549245
<MSG>could not parse 'FAIL', unexpected character:. FAIL.  ^<MSG>
FAIL,Triphenylstannyl--zinc (2/1),104849-66-3,DTXSID90550302
<MSG>could not parse 'FAIL', unexpected character:. FAIL.  ^<MSG>
FAIL,PUBCHEM_13951513,112520-67-9,DTXSID20553144
<MSG>could not parse 'FAIL', unexpected character:. FAIL.  ^<MSG>
FAIL,Selenium--tris(trifluoromethyl)germyl (1/2),112438-42-3,DTXSID50554442
<MSG>could not parse 'FAIL', unexpected character:. FAIL.  ^<MSG>
FAIL,Dimethyl-lambda~2~-germane--trimethylgermyl (3/2),13189-68-9,DTXSID30555230
<MSG>could not parse 'FAIL', unexpected character:. FAIL.  ^<MSG>
FAIL,Dimethyl-lambda~2~-germane--dimethyl(phenyl)germyl (1/2),22702-73-4,DTXSID50555656
<MSG>could not parse 'FAIL', unexpected character:. FAIL.  ^<MSG>
FAIL,Lithium bis(methylsulfanyl)methanide--trimethylstannyl (1/1/1),53369-91-8,DTXSID70555956
<MSG>could not parse 'FAIL', unexpected character:. FAIL.  ^<MSG>
FAIL,Trimethylgermyl--water (1/1),138529-27-8,DTXSID10556967
<MSG>could not parse 'FAIL', unexpected character:. FAIL.  ^<MSG>
FAIL,Dimethylgallanyl--water (1/1),26475-24-1,DTXSID20559601
<MSG>could not parse 'FAIL', unexpected character:. FAIL.  ^<MSG>
FAIL,Dimethylthallanyl--water (1/1),53759-11-8,DTXSID50562461
<MSG>could not parse 'FAIL', unexpected character:. FAIL.  ^<MSG>
FAIL,Diphenylthallanyl--water (1/1),58377-86-9,DTXSID10562462
<MSG>could not parse 'FAIL', unexpected character:. FAIL.  ^<MSG>
FAIL,Phosphane--tri-tert-butylstannyl (1/1),124960-07-2,DTXSID50563034
<MSG>could not parse 'FAIL', unexpected character:. FAIL.  ^<MSG>
FAIL,Benzoylselanyl--triphenylgermyl (1/1),141858-70-0,DTXSID60566374
<MSG>could not parse 'FAIL', unexpected character:. FAIL.  ^<MSG>
FAIL,Benzoylselanyl--triphenylstannyl (1/1),127226-51-1,DTXSID20566375
<MSG>could not parse 'FAIL', unexpected character:. FAIL.  ^<MSG>
FAIL,PUBCHEM_15006114,142745-88-8,DTXSID70566860
<MSG>could not parse 'FAIL', unexpected character:. FAIL.  ^<MSG>
FAIL,Tellurium--tributylstannyl (1/2),64487-83-8,DTXSID00566939
<MSG>could not parse 'FAIL', unexpected character:. FAIL.  ^<MSG>
FAIL,Cyclopentyl(diphenyl)stannyl--water (1/1),136266-27-8,DTXSID20568819
<MSG>could not parse 'FAIL', unexpected character:. FAIL.  ^<MSG>
FAIL,Di-tert-butylphosphane--trimethylstannyl (1/1),25589-04-2,DTXSID90569075
<MSG>could not parse 'FAIL', unexpected character:. FAIL.  ^<MSG>
FAIL,PUBCHEM_15164097,139582-89-1,DTXSID10569390
<MSG>could not parse 'FAIL', unexpected character:. FAIL.  ^<MSG>
FAIL,Butyl(dichloro)stannyl--water (1/1),13355-89-0,DTXSID60572298
<MSG>could not parse 'FAIL', unexpected character:. FAIL.  ^<MSG>
FAIL,Methylselanyl--triethylstannyl (1/1),244283-59-8,DTXSID90572362
<MSG>could not parse 'FAIL', unexpected character:. FAIL.  ^<MSG>
FAIL,Bromo(prop-2-en-1-yl)indiganyl,322407-11-4,DTXSID60573225
<MSG>could not parse 'FAIL', unexpected character:. FAIL.  ^<MSG>
FAIL,PUBCHEM_15648189,15203-81-3,DTXSID60576291
<MSG>could not parse 'FAIL', unexpected character:. FAIL.  ^<MSG>
FAIL,"Bis(2,4,6-trimethylphenyl)germyl--triethylsilyl (1/1)",144435-57-4,DTXSID10576842
<MSG>could not parse 'FAIL', unexpected character:. FAIL.  ^<MSG>
FAIL,Butylselanyl--tributylstannyl (1/1),33979-81-6,DTXSID20577663
<MSG>could not parse 'FAIL', unexpected character:. FAIL.  ^<MSG>
FAIL,Methylselanyl--trimethylplumbyl (1/1),58747-19-6,DTXSID60579242
<MSG>could not parse 'FAIL', unexpected character:. FAIL.  ^<MSG>
FAIL,Chloro(diethyl)germyl--diethyl-lambda~2~-germane (2/1),51923-90-1,DTXSID10579510
<MSG>could not parse 'FAIL', unexpected character:. FAIL.  ^<MSG>
FAIL,"3,5-Di-tert-butyl-1H-1,2,4-triphosphole--triphenylstannyl (1/1)",254760-59-3,DTXSID10580484
<MSG>could not parse 'FAIL', unexpected character:. FAIL.  ^<MSG>
FAIL,PUBCHEM_16048566,7238-04-2,DTXSID10581532
<MSG>could not parse 'FAIL', unexpected character:. FAIL.  ^<MSG>
FAIL,PUBCHEM_16211445,87871-87-2,DTXSID80583427
<MSG>cannot assign geometric configuration<MSG>
Br.Br.CCC1=C(C)/C2=C/C3=C(CC)C(C)=C(N3)\C=C3/N=C(/C=C4\N=C(\C=C\1/N\2)C(C)=C4CC)C(C)=C3CC,"2,7,12,17-Tetraethyl-3,8,13,18-tetramethylporphyrin--hydrogen bromide (1/2)",69150-58-9,DTXSID00583464
<MSG>cannot assign geometric configuration<MSG>
Cl.Cl.CC1=C(CCC(O)=O)/C2=C/C3=N/C(=C\C4=N\C(=C/C5=C(C)C(CCC(O)=O)=C(N5)\C=C\1/N\2)\C(CCC(O)=O)=C4C)/C(CCC(O)=O)=C3C,"3,3',3'',3'''-(3,8,13,18-Tetramethylporphyrin-2,7,12,17-tetrayl)tetrapropanoic acid--hydrogen chloride (1/2)",69477-27-6,DTXSID00583469
<MSG>cannot assign geometric configuration<MSG>
Cl[Al]1N2\C3=N/C4=N/C(=N\C5=C6C(C=CC=C6OC6=CC=CC=C6)=C(\N=C6/N=C(/N=C2/C2=C3C=CC=C2OC2=CC=CC=C2)C2=C6C(OC3=CC=CC=C3)=CC=C2)N15)/C1=C4C(OC2=CC=CC=C2)=CC=C1,PUBCHEM_16218833,155613-94-8,DTXSID40585048
<MSG>could not parse 'FAIL', unexpected character:. FAIL.  ^<MSG>
FAIL,PUBCHEM_16218837,68414-18-6,DTXSID00585049
<MSG>could not parse 'FAIL', unexpected character:. FAIL.  ^<MSG>
FAIL,PUBCHEM_16218843,102029-67-4,DTXSID10585050
<MSG>could not parse 'FAIL', unexpected character:. FAIL.  ^<MSG>
FAIL,PUBCHEM_16218866,89927-09-3,DTXSID90585053
<MSG>could not parse 'FAIL', unexpected character:. FAIL.  ^<MSG>
FAIL,PUBCHEM_16218869,31281-59-1,DTXSID10585055
<MSG>could not parse 'FAIL', unexpected character:. FAIL.  ^<MSG>
FAIL,PUBCHEM_16218901,102029-82-3,DTXSID60585060
<MSG>could not parse 'FAIL', unexpected character:. FAIL.  ^<MSG>
FAIL,PUBCHEM_16218914,102129-67-9,DTXSID80585062
<MSG>could not parse 'FAIL', unexpected character:. FAIL.  ^<MSG>
FAIL,PUBCHEM_16218925,102029-95-8,DTXSID20585066
<MSG>could not parse 'FAIL', unexpected character:. FAIL.  ^<MSG>
FAIL,PUBCHEM_16218938,157296-97-4,DTXSID00585069
<MSG>could not parse 'FAIL', unexpected character:. FAIL.  ^<MSG>
FAIL,PUBCHEM_16218948,125229-62-1,DTXSID10585070
<MSG>could not parse 'FAIL', unexpected character:. FAIL.  ^<MSG>
FAIL,PUBCHEM_16218960,71997-39-2,DTXSID90585073
<MSG>could not parse 'FAIL', unexpected character:. FAIL.  ^<MSG>
FAIL,PUBCHEM_16218962,138898-76-7,DTXSID50585074
<MSG>could not parse 'FAIL', unexpected character:. FAIL.  ^<MSG>
FAIL,PUBCHEM_16219009,102185-37-5,DTXSID80585082
<MSG>could not parse 'FAIL', unexpected character:. FAIL.  ^<MSG>
FAIL,PUBCHEM_16219014,102213-02-5,DTXSID00585084
<MSG>could not parse 'FAIL', unexpected character:. FAIL.  ^<MSG>
FAIL,PUBCHEM_16219068,72842-05-8,DTXSID90585098
<MSG>could not parse 'FAIL', unexpected character:. FAIL.  ^<MSG>
FAIL,PUBCHEM_16219138,138879-82-0,DTXSID80585103
<MSG>could not parse 'FAIL', unexpected character:. FAIL.  ^<MSG>
FAIL,PUBCHEM_16219142,149368-04-7,DTXSID40585104
<MSG>could not parse 'FAIL', unexpected character:. FAIL.  ^<MSG>
FAIL,PUBCHEM_16219179,102601-56-9,DTXSID70585112
<MSG>could not parse 'FAIL', unexpected character:. FAIL.  ^<MSG>
FAIL,PUBCHEM_16219193,94736-09-1,DTXSID70585117
<MSG>could not parse 'FAIL', unexpected character:. FAIL.  ^<MSG>
FAIL,PUBCHEM_16219197,102783-27-7,DTXSID30585118
<MSG>could not parse 'FAIL', unexpected character:. FAIL.  ^<MSG>
FAIL,PUBCHEM_16219201,113753-10-9,DTXSID90585119
<MSG>could not parse 'FAIL', unexpected character:. FAIL.  ^<MSG>
FAIL,PUBCHEM_16219226,112968-03-3,DTXSID60585126
<MSG>could not parse 'FAIL', unexpected character:. FAIL.  ^<MSG>
FAIL,PUBCHEM_16219236,102814-05-1,DTXSID20585127
<MSG>could not parse 'FAIL', unexpected character:. FAIL.  ^<MSG>
FAIL,PUBCHEM_16219287,33068-19-8,DTXSID90585139
<MSG>could not parse 'FAIL', unexpected character:. FAIL.  ^<MSG>
FAIL,PUBCHEM_16219291,107148-01-6,DTXSID60585141
<MSG>could not parse 'FAIL', unexpected character:. FAIL.  ^<MSG>
FAIL,PUBCHEM_16219299,15087-02-2,DTXSID20585142
<MSG>could not parse 'FAIL', unexpected character:. FAIL.  ^<MSG>
FAIL,PUBCHEM_16219305,17046-60-5,DTXSID80585143
<MSG>could not parse 'FAIL', unexpected character:. FAIL.  ^<MSG>
FAIL,PUBCHEM_16219307,15087-06-6,DTXSID40585144
<MSG>could not parse 'FAIL', unexpected character:. FAIL.  ^<MSG>
FAIL,PUBCHEM_16219308,14982-12-8,DTXSID00585145
<MSG>could not parse 'FAIL', unexpected character:. FAIL.  ^<MSG>
FAIL,PUBCHEM_16219309,99156-45-3,DTXSID60585146
<MSG>could not parse 'FAIL', unexpected character:. FAIL.  ^<MSG>
FAIL,PUBCHEM_16219310,103213-51-0,DTXSID20585147
<MSG>could not parse 'FAIL', unexpected character:. FAIL.  ^<MSG>
FAIL,PUBCHEM_16219316,103213-55-4,DTXSID80585148
<MSG>could not parse 'FAIL', unexpected character:. FAIL.  ^<MSG>
FAIL,PUBCHEM_16219318,103302-16-5,DTXSID40585149
<MSG>could not parse 'FAIL', unexpected character:. FAIL.  ^<MSG>
FAIL,PUBCHEM_16219323,1852-44-4,DTXSID50585150
<MSG>could not parse 'FAIL', unexpected character:. FAIL.  ^<MSG>
FAIL,PUBCHEM_16219351,103213-47-4,DTXSID90585154
<MSG>could not parse 'FAIL', unexpected character:. FAIL.  ^<MSG>
FAIL,PUBCHEM_16219416,70442-23-8,DTXSID00585165
<MSG>could not parse 'FAIL', unexpected character:. FAIL.  ^<MSG>
FAIL,PUBCHEM_16219431,103192-55-8,DTXSID20585167
<MSG>could not parse 'FAIL', unexpected character:. FAIL.  ^<MSG>
FAIL,PUBCHEM_16219446,103192-43-4,DTXSID50585170
<MSG>could not parse 'FAIL', unexpected character:. FAIL.  ^<MSG>
FAIL,PUBCHEM_16219482,103476-21-7,DTXSID30585178
<MSG>could not parse 'FAIL', unexpected character:. FAIL.  ^<MSG>
FAIL,PUBCHEM_16219490,136098-02-7,DTXSID60585181
<MSG>could not parse 'FAIL', unexpected character:. FAIL.  ^<MSG>
FAIL,PUBCHEM_16219499,103404-95-1,DTXSID20585182
<MSG>could not parse 'FAIL', unexpected character:. FAIL.  ^<MSG>
FAIL,PUBCHEM_16219511,41092-64-2,DTXSID80585183
<MSG>could not parse 'FAIL', unexpected character:. FAIL.  ^<MSG>
FAIL,PUBCHEM_16219512,73431-55-7,DTXSID40585184
<MSG>could not parse 'FAIL', unexpected character:. FAIL.  ^<MSG>
FAIL,PUBCHEM_16219522,28434-25-5,DTXSID50585190
<MSG>could not parse 'FAIL', unexpected character:. FAIL.  ^<MSG>
FAIL,PUBCHEM_16219555,133978-89-9,DTXSID70585197
<MSG>could not parse 'FAIL', unexpected character:. FAIL.  ^<MSG>
FAIL,PUBCHEM_16219610,58329-72-9,DTXSID30585214
<MSG>could not parse 'FAIL', unexpected character:. FAIL.  ^<MSG>
FAIL,PUBCHEM_16219611,108347-83-7,DTXSID90585215
<MSG>could not parse 'FAIL', unexpected character:. FAIL.  ^<MSG>
FAIL,PUBCHEM_16219622,55443-13-5,DTXSID50585216
<MSG>could not parse 'FAIL', unexpected character:. FAIL.  ^<MSG>
FAIL,PUBCHEM_16219642,108347-84-8,DTXSID70585218
<MSG>could not parse 'FAIL', unexpected character:. FAIL.  ^<MSG>
FAIL,PUBCHEM_16219647,10470-57-2,DTXSID00585221
<MSG>could not parse 'FAIL', unexpected character:. FAIL.  ^<MSG>
FAIL,PUBCHEM_16219693,108347-96-2,DTXSID90585230
<MSG>could not parse 'FAIL', unexpected character:. FAIL.  ^<MSG>
FAIL,PUBCHEM_16219732,108321-28-4,DTXSID70585233
<MSG>could not parse 'FAIL', unexpected character:. FAIL.  ^<MSG>
FAIL,PUBCHEM_16219751,104809-32-7,DTXSID50585236
<MSG>could not parse 'FAIL', unexpected character:. FAIL.  ^<MSG>
FAIL,PUBCHEM_16219766,50443-29-3,DTXSID30585239
<MSG>could not parse 'FAIL', unexpected character:. FAIL.  ^<MSG>
FAIL,PUBCHEM_16219776,100929-85-9,DTXSID60585242
<MSG>could not parse 'FAIL', unexpected character:. FAIL.  ^<MSG>
FAIL,PUBCHEM_16219795,68244-58-6,DTXSID20585243
<MSG>could not parse 'FAIL', unexpected character:. FAIL.  ^<MSG>
FAIL,PUBCHEM_16219831,108321-85-3,DTXSID20585248
<MSG>could not parse 'FAIL', unexpected character:. FAIL.  ^<MSG>
FAIL,PUBCHEM_16219920,149022-19-5,DTXSID60585262
<MSG>could not parse 'FAIL', unexpected character:. FAIL.  ^<MSG>
FAIL,PUBCHEM_16219928,108321-51-3,DTXSID20585263
<MSG>could not parse 'FAIL', unexpected character:. FAIL.  ^<MSG>
FAIL,PUBCHEM_16219958,36064-19-4,DTXSID60585267
<MSG>could not parse 'FAIL', unexpected character:. FAIL.  ^<MSG>
FAIL,PUBCHEM_16219971,130221-73-7,DTXSID20585268
<MSG>could not parse 'FAIL', unexpected character:. FAIL.  ^<MSG>
FAIL,PUBCHEM_16220021,98179-10-3,DTXSID90585275
<MSG>could not parse 'FAIL', unexpected character:. FAIL.  ^<MSG>
FAIL,PUBCHEM_16220026,105140-25-8,DTXSID10585277
<MSG>could not parse 'FAIL', unexpected character:. FAIL.  ^<MSG>
FAIL,PUBCHEM_16220083,56070-25-8,DTXSID60585287
<MSG>cannot assign geometric configuration<MSG>
[Na+].[Na+].COC(=O)CCC1=C(C)C2=N\C\1=C/C1=N/C(=C\C3=C(C)C(=C(N3)\C=C3/N/C(=C\2)C(=C3C)S([O-])(=O)=O)S([O-])(=O)=O)/C(C)=C1CCC(=O)OC,"Disodium 13,17-bis(3-methoxy-3-oxopropyl)-3,8,12,18-tetramethylporphyrin-2,7-disulfonate",58537-78-3,DTXSID10585934
<MSG>could not parse 'FAIL', unexpected character:. FAIL.  ^<MSG>
FAIL,"2H-1,3,2-Benzodioxastibol-2-yl",274-19-1,DTXSID30586605
<MSG>could not parse 'FAIL', unexpected character:. FAIL.  ^<MSG>
FAIL,"4-Hydroxy-2H-1,3,2-benzodioxastibol-2-yl--water (1/1)",6963-75-3,DTXSID90586606
<MSG>could not parse 'FAIL', unexpected character:. FAIL.  ^<MSG>
FAIL,"1,1,3,3-Tetraethyldigermoxane-1,3-diyl",14287-67-3,DTXSID00586637
<MSG>could not parse 'FAIL', unexpected character:. FAIL.  ^<MSG>
FAIL,PUBCHEM_16682890,81741-73-3,DTXSID60586638
<MSG>could not parse 'FAIL', unexpected character:. FAIL.  ^<MSG>
FAIL,(Diethylamino)(diethyl)germyl--triethylgermyl (1/1),81741-72-2,DTXSID70586649
<MSG>could not parse 'FAIL', unexpected character:. FAIL.  ^<MSG>
FAIL,"1,1,3,3-Tetrabutyldigermoxane-1,3-diyl",14275-37-7,DTXSID50586703
<MSG>cannot assign geometric configuration<MSG>
Cl[In]1N2\C3=N/C4=N/C(=N\C5=C6C=CC=CC6=C(\N=C6/N=C(/N=C2/C2=CC=CC=C32)C2=CC=CC=C62)N15)/C1=CC=CC=C41,PUBCHEM_16684919,19631-19-7,DTXSID10586820
<MSG>could not parse 'FAIL', unexpected character:. FAIL.  ^<MSG>
FAIL,"Azido{propyl[(7E)-7-(propylimino)cyclohepta-1,3,5-trien-1-yl]amino}stannyl",7167-43-3,DTXSID10586840
<MSG>could not parse 'FAIL', unexpected character:. FAIL.  ^<MSG>
FAIL,"2,6,10,12-Tetrakis(germyloxy)-14lambda~2~-spiro[7.7]heptagermoxane-2,6,10,12-tetrayl--water (1/6)",7235-65-6,DTXSID40586853
<MSG>could not parse 'FAIL', unexpected character:. FAIL.  ^<MSG>
FAIL,PUBCHEM_16685569,7236-54-6,DTXSID00586854
<MSG>could not parse 'FAIL', unexpected character:. FAIL.  ^<MSG>
FAIL,"2,6-Di-tert-butyl-7-[(3-tert-butyl-2,2-dimethyl-1,3,2,4-oxazasilastannetidin-4-yl)oxy]-3,3,7-trimethyl-4-oxa-2,6-diaza-3,7-disila-1lambda~2~,5-distannaoctan-5-yl--3-tert-butyl-2,2-dimethyl-1,3,2,4-oxa zasilastannetidin-4-yl (1/1)",7240-92-8,DTXSID30586862
<MSG>could not parse 'FAIL', unexpected character:. FAIL.  ^<MSG>
FAIL,PUBCHEM_16685678,7242-74-2,DTXSID10586865
<MSG>could not parse 'FAIL', unexpected character:. FAIL.  ^<MSG>
FAIL,"3-Bromo-1,1,3,3-tetrabutyldistannoxanyl--water (1/1)",28520-98-1,DTXSID30586867
<MSG>could not parse 'FAIL', unexpected character:. FAIL.  ^<MSG>
FAIL,Diethylalumanyl--tributylstannyl (1/1),92074-24-3,DTXSID50586925
<MSG>could not parse 'FAIL', unexpected character:. FAIL.  ^<MSG>
FAIL,"1,1,3,3-Tetrabutyl-3-isothiocyanatodistannoxanyl--water (1/1)",27515-11-3,DTXSID20586957
<MSG>could not parse 'FAIL', unexpected character:. FAIL.  ^<MSG>
FAIL,"3-[(Dichloroacetyl)oxy]-1,1,3,3-tetraethenyldistannoxanyl--water (1/1)",54807-83-9,DTXSID70586987
<MSG>could not parse 'FAIL', unexpected character:. FAIL.  ^<MSG>
FAIL,"1,1,3,3-Tetraethenyl-3-[(trichloroacetyl)oxy]distannoxanyl--water (1/1)",54807-84-0,DTXSID90586989
<MSG>could not parse 'FAIL', unexpected character:. FAIL.  ^<MSG>
FAIL,"1,1,3,3,5,5-Hexamethyltristannathiane-1,5-diyl",62173-54-0,DTXSID40587002
<MSG>could not parse 'FAIL', unexpected character:. FAIL.  ^<MSG>
FAIL,PUBCHEM_16693212,63923-83-1,DTXSID00587003
<MSG>could not parse 'FAIL', unexpected character:. FAIL.  ^<MSG>
FAIL,Dimethyl[3-(phenylphosphanyl)propyl]germyl,54770-07-9,DTXSID00587008
<MSG>could not parse 'FAIL', unexpected character:. FAIL.  ^<MSG>
FAIL,PUBCHEM_16693639,61329-24-6,DTXSID50587018
<MSG>could not parse 'FAIL', unexpected character:. FAIL.  ^<MSG>
FAIL,PUBCHEM_16706550,157768-69-9,DTXSID70587257
<MSG>could not parse 'FAIL', unexpected character:. FAIL.  ^<MSG>
FAIL,Di-tert-butylalumanyl--di-tert-butylarsanyl (1/1),138710-39-1,DTXSID80587268
<MSG>cannot assign geometric configuration<MSG>
C1=C\C2=N\C3=N\C(\C=C3)=N/C3=N/C(/C=C3)=N\C3=N\C(\C=C3)=N/C1=N2,Porphyrazine,500-77-6,DTXSID70596945
<MSG>could not parse 'FAIL', unexpected character:. FAIL.  ^<MSG>
FAIL,1H-Arsindol-1-yl,270-46-2,DTXSID90596982
<MSG>could not parse 'FAIL', unexpected character:. FAIL.  ^<MSG>
FAIL,1H-Bismol-1-yl,89067-15-2,DTXSID50596983
<MSG>could not parse 'FAIL', unexpected character:. FAIL.  ^<MSG>
FAIL,PUBCHEM_20775261,13782-23-5,DTXSID90609743
<MSG>could not parse 'FAIL', unexpected character:. FAIL.  ^<MSG>
FAIL,lambda~2~-Germane--germyl (3/2),15587-39-0,DTXSID60610023
<MSG>cannot assign geometric configuration<MSG>
CC1=C(CCC(O)=O)C2=N\C\1=C/C1=N/C(=C\C3=C(CCC(O)=O)C(CC(O)=O)=C(N3)\C=C3/N/C(=C\2)C(CC(O)=O)=C3CCC(O)=O)/C(CCC(O)=O)=C1C,"3,3',3'',3'''-[3,8-Bis(carboxymethyl)-13,17-dimethylporphyrin-2,7,12,18-tetrayl]tetrapropanoic acid",28100-67-6,DTXSID60610068
<MSG>cannot assign geometric configuration<MSG>
CC1=C(CCC(O)=O)C2=N\C\1=C/C1=C(CCC(O)=O)C(CC(O)=O)=C(N1)\C=C1/N\C(=C/C3=N/C(=C\2)/C(C)=C3CCC(O)=O)C(CC(O)=O)=C1CCC(O)=O,"3,3',3'',3'''-[3,8-Bis(carboxymethyl)-13,18-dimethylporphyrin-2,7,12,17-tetrayl]tetrapropanoic acid",73913-56-1,DTXSID20611652
<MSG>could not parse 'FAIL', unexpected character:. FAIL.  ^<MSG>
FAIL,"3-(Acetyloxy)-1,1,3,3-tetrabutyldistannoxanyl--water (1/1)",1724-80-7,DTXSID00611736
<MSG>could not parse 'FAIL', unexpected character:. FAIL.  ^<MSG>
FAIL,"3-Chloro-1,1,3,3-tetramethyldistannoxanyl--water (1/1)",1724-79-4,DTXSID60613574
<MSG>could not parse 'FAIL', unexpected character:. FAIL.  ^<MSG>
FAIL,PUBCHEM_21853876,61329-25-7,DTXSID10618812
<MSG>could not parse 'FAIL', unexpected character:. FAIL.  ^<MSG>
FAIL,Dibromo(ethyl)germyl,14287-66-2,DTXSID20631734
<MSG>could not parse 'FAIL', unexpected character:. FAIL.  ^<MSG>
FAIL,PUBCHEM_23414506,55287-80-4,DTXSID70633662
<MSG>could not parse 'FAIL', unexpected character:. FAIL.  ^<MSG>
FAIL,tert-Butylphosphane--trimethylstannyl (1/2),52168-95-3,DTXSID00633675
<MSG>could not parse 'FAIL', unexpected character:. FAIL.  ^<MSG>
FAIL,Diphenylphosphane--tributylstannyl (1/1),101319-94-2,DTXSID80633678
<MSG>could not parse 'FAIL', unexpected character:. FAIL.  ^<MSG>
FAIL,PUBCHEM_24182333,7148-26-7,DTXSID90636579
<MSG>could not parse 'FAIL', unexpected character:. FAIL.  ^<MSG>
FAIL,"5-Fluoropyrimidine-2,4(1H,3H)-dione--lambda~1~-thallanyl (1/1)",79871-89-9,DTXSID20638526
<MSG>could not parse 'FAIL', unexpected character:. FAIL.  ^<MSG>
FAIL,7H-Purin-6-amine--lambda~1~-thallanyl (1/1),19165-47-0,DTXSID80638527
<MSG>cannot assign geometric configuration<MSG>
[Cl-].CCC1=C(CC)/C2=C/C3=N/C(/C(CC)=C3CC)=C(\C3=N\C(=C/C4=C(CC)C(CC)=C(N4)\C=C\1/N\2)\C(CC)=C3CC)[N+]1=CC=CC=C1,"1-(2,3,7,8,12,13,17,18-Octaethylporphyrin-5-yl)pyridin-1-ium chloride",62441-23-0,DTXSID80639099
<MSG>could not parse 'FAIL', unexpected character:. FAIL.  ^<MSG>
FAIL,PUBCHEM_25021354,15553-52-3,DTXSID50648451
<MSG>cannot assign geometric configuration<MSG>
OC(=O)COC1=CC=C(C=C1)C1=C2/N\C(\C=C2)=C(/C2=N/C(/C=C2)=C(\C2=N\C(\C=C2)=C(/C2=CC=C\1N2)C1=CC=C(OCC(O)=O)C=C1)C1=CC=C(OCC(O)=O)C=C1)C1=CC=C(OCC(O)=O)C=C1,"2,2',2'',2'''-{Porphyrin-5,10,15,20-tetrayltetrakis[(4,1-phenylene)oxy]}tetraacetic acid",127812-08-2,DTXSID10648674
<MSG>cannot assign geometric configuration<MSG>
N1\C2=N/C3=C4C(C=CC=C4SC4=CC=CC=C4)=C(N3)\N=C3/N=C(/N=C4\N=C(\N=C1\C1=C2C=CC=C1SC1=CC=CC=C1)C1=C4C(SC2=CC=CC=C2)=CC=C1)C1=C3C(SC2=CC=CC=C2)=CC=C1,"1,8,15,22-Tetrakis(phenylsulfanyl)-29H,30H-phthalocyanine",77492-98-9,DTXSID70648675
<MSG>cannot assign geometric configuration<MSG>
CCOC(=O)CCC1=C(CC(O)=O)/C2=C/C3=N/C(=C\C4=N\C(=C/C5=C(CCC(=O)OCC)C(CC(O)=O)=C(N5)\C=C\1/N\2)\C(CC(O)=O)=C4CCC(=O)OCC)/C(CC(O)=O)=C3CCC(=O)OCC,"2,2',2'',2'''-[3,8,13,18-Tetrakis(3-ethoxy-3-oxopropyl)porphyrin-2,7,12,17-tetrayl]tetraacetic acid",54090-85-6,DTXSID80657576
<MSG>could not parse 'FAIL', unexpected character:. FAIL.  ^<MSG>
FAIL,PUBCHEM_45052347,102029-79-8,DTXSID70662336
<MSG>cannot assign geometric configuration<MSG>
C1C=CN2\C=C/C=C3/C=C3/C=C1\2,"1H-Cyclopropa[d]pyrrolo[1,2-a]azocine",624721-65-9,DTXSID30666294
<MSG>cannot assign geometric configuration<MSG>
N1O\C2=C\C=C/C=C\C=C/C2=C1,"(4Z,6Z,8Z,10E)-2H-Cyclonona[d][1,2]oxazole",105066-28-2,DTXSID10667800
<MSG>cannot assign geometric configuration<MSG>
N1O\C2=C\C=N/C=C\C=C/C2=C1,"(4Z,6Z,8Z,10E)-2H-[1,2]Oxazolo[5,4-d]azonine",154099-32-8,DTXSID90667808
<MSG>cannot assign geometric configuration<MSG>
OC(=O)\C=C\C1=C(/C(=C\C2=CC(O)=C(O)C=C2)/C(O)=O)C(O)=C(O)C=C1,"(2E)-2-{6-[(E)-2-Carboxyethenyl]-2,3-dihydroxyphenyl}-3-(3,4-dihydroxyphenyl)prop-2-enoic acid",1065559-56-9,DTXSID50669469
<MSG>could not parse 'FAIL', unexpected character:. FAIL.  ^<MSG>
FAIL,PUBCHEM_45157728,42454-67-1,DTXSID60669551
<MSG>could not parse 'FAIL', unexpected character:. FAIL.  ^<MSG>
FAIL,PUBCHEM_45480496,6867-35-2,DTXSID10670410
<MSG>could not parse 'FAIL', unexpected character:. FAIL.  ^<MSG>
FAIL,PUBCHEM_46781436,90704-90-8,DTXSID80675876
<MSG>could not parse 'FAIL', unexpected character:. FAIL.  ^<MSG>
FAIL,PUBCHEM_50932083,7598-06-3,DTXSID40678989
<MSG>could not parse 'FAIL', unexpected character:. FAIL.  ^<MSG>
FAIL,PUBCHEM_53249227,104869-31-0,DTXSID30692912
<MSG>could not parse 'FAIL', unexpected character:. FAIL.  ^<MSG>
FAIL,PUBCHEM_53249257,12209-98-2,DTXSID70692916
<MSG>cannot assign geometric configuration<MSG>
[Ag+].[Ag+].[N-]1\C2=N/C3=C4C=CC=CC4=C([N-]3)\N=C3/N=C(/N=C4\N=C(\N=C1\C1=CC=CC=C21)C1=CC=CC=C41)C1=CC=CC=C31,"Disilver(1+) phthalocyanine-29,30-diide",12376-32-8,DTXSID00693734
<MSG>could not parse 'FAIL', unexpected character:. FAIL.  ^<MSG>
FAIL,PUBCHEM_53438173,56468-58-7,DTXSID80701200
<MSG>could not parse 'FAIL', unexpected character:. FAIL.  ^<MSG>
FAIL,(2-Butylcyclohexyl)(methyl)(propan-2-yl)stannyl,41728-47-6,DTXSID40701281
<MSG>could not parse 'FAIL', unexpected character:. FAIL.  ^<MSG>
FAIL,(2-Butylcyclohexyl)(diethyl)stannyl,55125-14-9,DTXSID60701283
<MSG>could not parse 'FAIL', unexpected character:. FAIL.  ^<MSG>
FAIL,(2-Cyclohexylethyl)(methyl)(propan-2-yl)stannyl,23268-55-5,DTXSID90701317
<MSG>could not parse 'FAIL', unexpected character:. FAIL.  ^<MSG>
FAIL,PUBCHEM_53438598,66516-78-7,DTXSID80701386
<MSG>could not parse 'FAIL', unexpected character:. FAIL.  ^<MSG>
FAIL,PUBCHEM_53439163,65313-37-3,DTXSID20701769
<MSG>could not parse 'FAIL', unexpected character:. FAIL.  ^<MSG>
FAIL,"[2,3,4,5-Tetrafluoro-6-(trimethylstannyl)phenyl]-lambda~2~-stannanyl",23653-79-4,DTXSID10701970
<MSG>cannot assign geometric configuration<MSG>
C1=C\N=C/C=C/N=C\1,"(1Z,5Z)-1,5-Diazocine",292-90-0,DTXSID40702450
<MSG>could not parse 'FAIL', unexpected character:. FAIL.  ^<MSG>
FAIL,Ethyl(methyl)arsanyl,689-93-0,DTXSID90703018
<MSG>could not parse 'FAIL', unexpected character:. FAIL.  ^<MSG>
FAIL,PUBCHEM_53445264,76857-14-2,DTXSID20703102
<MSG>could not parse 'FAIL', unexpected character:. FAIL.  ^<MSG>
FAIL,PUBCHEM_53446581,41253-23-0,DTXSID50703337
<MSG>could not parse 'FAIL', unexpected character:. FAIL.  ^<MSG>
FAIL,PUBCHEM_53446884,135661-44-8,DTXSID00703367
<MSG>cannot assign geometric configuration<MSG>
[Rh++]I.N1\C2=C/C3=N/C(/C=C3)=C\C3=C(C(=C(N3C3=CC=CC=C3)\C(=C3\C=CC(\C=C1\C=C2)=N3)C1=CC=CC=C1)C1=CC=CC=C1)C1=CC=CC=C1,PUBCHEM_53470767,69509-35-9,DTXSID90703497
<MSG>could not parse 'FAIL', unexpected character:. FAIL.  ^<MSG>
FAIL,PUBCHEM_53471051,7167-59-1,DTXSID40703543
<MSG>could not parse 'FAIL', unexpected character:. FAIL.  ^<MSG>
FAIL,Dihydroxy(oxo)-lambda~5~-stibanyl--hydrogen fluoride--water (1/1/6),72121-43-8,DTXSID70703551
<MSG>could not parse 'FAIL', unexpected character:. FAIL.  ^<MSG>
FAIL,"Dibromogallanyl--1,4-dioxane (1/1)",7235-69-0,DTXSID10703570
<MSG>could not parse 'FAIL', unexpected character:. FAIL.  ^<MSG>
FAIL,PUBCHEM_53471158,7236-19-3,DTXSID90703573
<MSG>could not parse 'FAIL', unexpected character:. FAIL.  ^<MSG>
FAIL,Bis[bis(trimethylsilyl)methyl]indiganyl--water (1/2),7241-65-8,DTXSID00703584
<MSG>could not parse 'FAIL', unexpected character:. FAIL.  ^<MSG>
FAIL,Diethyl-lambda~2~-germane--triethylgermyl--water (1/1/1),7289-77-2,DTXSID80703603
<MSG>could not parse 'FAIL', unexpected character:. FAIL.  ^<MSG>
FAIL,Iodonium dioxido(oxo)-lambda~5~-stibanyl (4-methylphenoxy)(oxido)oxo-lambda~5~-stibanyl--hydrogen fluoride (5/2/1/3),77800-12-5,DTXSID50703776
<MSG>could not parse 'FAIL', unexpected character:. FAIL.  ^<MSG>
FAIL,PUBCHEM_54599645,65337-86-2,DTXSID90712802
<MSG>could not parse 'FAIL', unexpected character:. FAIL.  ^<MSG>
FAIL,PUBCHEM_54599851,29742-98-1,DTXSID10712849
<MSG>could not parse 'FAIL', unexpected character:. FAIL.  ^<MSG>
FAIL,"[(E)-(2,6-Dimethylmorpholin-4-yl){(2E)-[1-(pyridin-2-yl)ethylidene]hydrazinylidene}methyl]selanyl",79514-42-4,DTXSID10713659
<MSG>could not parse 'FAIL', unexpected character:. FAIL.  ^<MSG>
FAIL,PUBCHEM_54607639,75602-17-4,DTXSID50714569
<MSG>could not parse 'FAIL', unexpected character:. FAIL.  ^<MSG>
FAIL,[(E)-(Dimethylamino){(2E)-[1-(pyridin-2-yl)ethylidene]hydrazinylidene}methyl]selanyl,79514-49-1,DTXSID90714583
<MSG>could not parse 'FAIL', unexpected character:. FAIL.  ^<MSG>
FAIL,PUBCHEM_54693481,12192-93-7,DTXSID30715892
<MSG>could not parse 'FAIL', unexpected character:. FAIL.  ^<MSG>
FAIL,PUBCHEM_54707589,58616-53-8,DTXSID10716105
<MSG>could not parse 'FAIL', unexpected character:. FAIL.  ^<MSG>
FAIL,PUBCHEM_56940952,12002-78-7,DTXSID50718921
<MSG>could not parse 'FAIL', unexpected character:. FAIL.  ^<MSG>
FAIL,PUBCHEM_57346268,102783-17-5,DTXSID50721137
<MSG>could not parse 'FAIL', unexpected character:. FAIL.  ^<MSG>
FAIL,Butyl(tert-butyl)methylsilyl--stannyl (1/1),103731-29-9,DTXSID90721156
<MSG>could not parse 'FAIL', unexpected character:. FAIL.  ^<MSG>
FAIL,PUBCHEM_57346445,10533-41-2,DTXSID50721177
<MSG>cannot assign geometric configuration<MSG>
CCCCCCC1=C/C(=N\C#N)/C(C)=C\C\1=N/C#N,"(2-Hexyl-5-methylcyclohexa-2,5-diene-1,4-diylidene)dicyanamide",121720-51-2,DTXSID40721363
<MSG>could not parse 'FAIL', unexpected character:. FAIL.  ^<MSG>
FAIL,PUBCHEM_57347152,122451-08-5,DTXSID30721377
<MSG>could not parse 'FAIL', unexpected character:. FAIL.  ^<MSG>
FAIL,PUBCHEM_57347184,123333-81-3,DTXSID00721389
<MSG>could not parse 'FAIL', unexpected character:. FAIL.  ^<MSG>
FAIL,Sulfanylidenebismuthanyl--lead (1/1),12377-69-4,DTXSID10721395
<MSG>could not parse 'FAIL', unexpected character:. FAIL.  ^<MSG>
FAIL,PUBCHEM_57348100,13513-47-8,DTXSID80721564
<MSG>could not parse 'FAIL', unexpected character:. FAIL.  ^<MSG>
FAIL,PUBCHEM_57348185,13774-16-8,DTXSID80721589
<MSG>could not parse 'FAIL', unexpected character:. FAIL.  ^<MSG>
FAIL,PUBCHEM_57348350,142095-12-3,DTXSID80721620
<MSG>could not parse 'FAIL', unexpected character:. FAIL.  ^<MSG>
FAIL,PUBCHEM_57348677,15002-92-3,DTXSID20721684
<MSG>could not parse 'FAIL', unexpected character:. FAIL.  ^<MSG>
FAIL,Oxostibanyl--hydrogen iodide (1/1),15513-75-4,DTXSID80721721
<MSG>could not parse 'FAIL', unexpected character:. FAIL.  ^<MSG>
FAIL,PUBCHEM_57349216,3549-52-8,DTXSID20721826
<MSG>could not parse 'FAIL', unexpected character:. FAIL.  ^<MSG>
FAIL,(Diphenylmethyl)silyl--triphenylstannyl (1/1),363179-61-7,DTXSID50721839
<MSG>could not parse 'FAIL', unexpected character:. FAIL.  ^<MSG>
FAIL,PUBCHEM_57349468,37294-97-6,DTXSID10721890
<MSG>cannot assign geometric configuration<MSG>
O=C1OC(=O)C2=C3\C=C/C=C\C=C/C3=C3\C=C/C=C\C=C/C3=C12,"Dicycloocta[3,4:5,6]benzo[1,2-c]furan-1,3-dione",4393-79-7,DTXSID10722024
<MSG>could not parse 'FAIL', unexpected character:. FAIL.  ^<MSG>
FAIL,PUBCHEM_57350056,45738-97-4,DTXSID50722043
<MSG>cannot assign geometric configuration<MSG>
N1O\C2=C3/C=C3/C=C\C=C/C2=C1,"2H-Cyclopropa[3,4]cycloocta[1,2-d][1,2]oxazole",476629-14-8,DTXSID40722057
<MSG>could not parse 'FAIL', unexpected character:. FAIL.  ^<MSG>
FAIL,PUBCHEM_57351366,60168-81-2,DTXSID70722328
<MSG>could not parse 'FAIL', unexpected character:. FAIL.  ^<MSG>
FAIL,Trifluoroacetic acid--tetraphenyl-lambda~5~-bismuthanyl (1/1),83566-43-2,DTXSID80722637
<MSG>could not parse 'FAIL', unexpected character:. FAIL.  ^<MSG>
FAIL,4-Methylbenzene-1-sulfonic acid--tetraphenyl-lambda~5~-bismuthanyl (1/1),83566-44-3,DTXSID40722638
<MSG>could not parse 'FAIL', unexpected character:. FAIL.  ^<MSG>
FAIL,Selenium--stannyl (1/2),26362-88-9,DTXSID70723890
<MSG>cannot assign geometric configuration<MSG>
CC1=C(CCC(O)=O)/C2=C/C3=N/C(=C\C4=C(C)C(C=CC(O)=O)=C(N4)/C=C4\N=C(\C=C\1/N\2)C(CCC(O)=O)=C4C)/C(C)=C3CCC(O)=O,"3-[8,12,17-Tris(2-carboxyethyl)-3,7,13,18-tetramethylporphyrin-2-yl]prop-2-enoic acid",31034-72-7,DTXSID60723940
<MSG>could not parse 'FAIL', unexpected character:. FAIL.  ^<MSG>
FAIL,"6-Carboxy-4-hydroxy-2H-1,3,2-benzodioxabismol-2-yl--water (1/2)",312623-77-1,DTXSID00723944
<MSG>could not parse 'FAIL', unexpected character:. FAIL.  ^<MSG>
FAIL,PUBCHEM_57358022,37349-36-3,DTXSID80723982
<MSG>could not parse 'FAIL', unexpected character:. FAIL.  ^<MSG>
FAIL,lambda~2~-Stannane--stannyl (3/1),169438-59-9,DTXSID40724697
<MSG>could not parse 'FAIL', unexpected character:. FAIL.  ^<MSG>
FAIL,PUBCHEM_57370703,1790-56-3,DTXSID40724758
<MSG>could not parse 'FAIL', unexpected character:. FAIL.  ^<MSG>
FAIL,PUBCHEM_57375409,178327-14-5,DTXSID60724932
<MSG>could not parse 'FAIL', unexpected character:. FAIL.  ^<MSG>
FAIL,Dimethyl(triphenylethenyl)silyl--stannyl (1/1),210362-73-5,DTXSID50725019
<MSG>could not parse 'FAIL', unexpected character:. FAIL.  ^<MSG>
FAIL,"[1,1,1,2,2,3,3,4,4,5,5,6,6,16,16,17,17,18,18,19,19,20,20,21,21,21-Hexacosafluoro-12-(4,4,5,5,6,6,7,7,8,8,9,9,9-tridecafluorononyl)henicos-11-en-10-yl]-lambda~2~-stannanyl",217805-02-2,DTXSID20725046
<MSG>could not parse 'FAIL', unexpected character:. FAIL.  ^<MSG>
FAIL,"[1,1,1,2,2,3,3,4,4,14,14,15,15,16,16,17,17,17-Octadecafluoro-10-(4,4,5,5,6,6,7,7,7-nonafluoroheptyl)heptadec-9-en-8-yl]-lambda~2~-stannanyl",217805-03-3,DTXSID80725047
<MSG>cannot assign geometric configuration<MSG>
[Cl-].[Cl-].[Cl-].[Mn+3].CCN1C2=C(CC)C(CC)=C1\C(CC)=C1/N=C(C(CC)=C1CC)/C(/CC)=C1\N\C(\C=C1CC)=C/C1=N/C(/C=C1)=C\2,"Manganese(3+) chloride--2,3,5,7,8,10,12,21-octaethylporphyrin (1/3/1)",28265-17-0,DTXSID20725228
<MSG>could not parse 'FAIL', unexpected character:. FAIL.  ^<MSG>
FAIL,PUBCHEM_57376694,28675-12-9,DTXSID60725242
<MSG>cannot assign geometric configuration<MSG>
[Cl-].[Cl-].[Cl-].[Fe+3].CCN1C2=C(CC)C(CC)=C1\C(CC)=C1/N=C(C(CC)=C1CC)/C(/CC)=C1\N\C(\C=C1CC)=C/C1=N/C(/C=C1)=C\2,"Iron(3+) chloride--2,3,5,7,8,10,12,21-octaethylporphyrin (1/3/1)",28755-93-3,DTXSID60725247
<MSG>could not parse 'FAIL', unexpected character:. FAIL.  ^<MSG>
FAIL,PUBCHEM_57422046,75533-24-3,DTXSID20726311
<MSG>could not parse 'FAIL', unexpected character:. FAIL.  ^<MSG>
FAIL,PUBCHEM_57423726,12384-02-0,DTXSID20726336
<MSG>could not parse 'FAIL', unexpected character:. FAIL.  ^<MSG>
FAIL,PUBCHEM_57428120,55762-69-1,DTXSID20726356
<MSG>could not parse 'FAIL', unexpected character:. FAIL.  ^<MSG>
FAIL,PUBCHEM_57448861,51404-25-2,DTXSID70726563
<MSG>could not parse 'FAIL', unexpected character:. FAIL.  ^<MSG>
FAIL,PUBCHEM_57450266,160479-36-7,DTXSID30726584
<MSG>could not parse 'FAIL', unexpected character:. FAIL.  ^<MSG>
FAIL,PUBCHEM_57450975,12031-70-8,DTXSID00726591
<MSG>could not parse 'FAIL', unexpected character:. FAIL.  ^<MSG>
FAIL,PUBCHEM_57459381,12372-50-8,DTXSID50726662
<MSG>could not parse 'FAIL', unexpected character:. FAIL.  ^<MSG>
FAIL,PUBCHEM_57473125,52933-46-7,DTXSID20726816
<MSG>could not parse 'FAIL', unexpected character:. FAIL.  ^<MSG>
FAIL,PUBCHEM_57505362,55945-32-9,DTXSID80726953
<MSG>could not parse 'FAIL', unexpected character:. FAIL.  ^<MSG>
FAIL,PUBCHEM_57507840,67907-41-9,DTXSID50726965
